{"cameraMode":{"drawMode":0,"name":"Shaded","section":"Shading Mode"},"sceneLighting":true,"audioPlay":false,"sceneViewState":{"showFog":true,"showMaterialUpdate":false,"showSkybox":true,"showFlares":true,"showImageEffects":true,"showParticleSystems":true},"in2DMode":false,"pivot":{"x":280.3832092285156,"y":145.45303344726563,"z":6.139862060546875},"rotation":{"x":0.01975196972489357,"y":0.07459408789873123,"z":-0.001499040867201984,"w":0.9970287680625916},"size":431.0902404785156,"orthographic":false}