{"cameraMode":{"drawMode":0,"name":"Shaded","section":"Shading Mode"},"sceneLighting":false,"audioPlay":false,"sceneViewState":{"showFog":true,"showMaterialUpdate":false,"showSkybox":false,"showFlares":true,"showImageEffects":true,"showParticleSystems":true},"in2DMode":false,"pivot":{"x":259.0099792480469,"y":131.14999389648438,"z":0.0},"rotation":{"x":0.2927459180355072,"y":-0.31375667452812197,"z":0.10232693701982498,"w":0.8974451422691345},"size":951.2451782226563,"orthographic":false}